{
  "4c4cf2d4b7334142bf56f08211492f9d": {
    "Appointment": {
      "ShouldSerialize": false,
      "IdAppointment": "97c07e7ab12e49a8b6707dbc98ccc14d"
    },
    "MainSymptom": "aa",
    "AnamnesisDate": "2022-06-04T18:44:34.410091+02:00",
    "AnamnesisId": "4c4cf2d4b7334142bf56f08211492f9d",
    "OtherSymptoms": "aa",
    "GeneralAmnesis": "aa",
    "Cns": null,
    "Eye": null,
    "Neck": null,
    "Mss": null,
    "Skin": null,
    "Ear": null,
    "Cus": null,
    "Infectious": null,
    "Ugs": null,
    "Respiratory": null,
    "Mouth": null,
    "Gi": null
  },
  "ca7d26cce61b401abae0ce2808307c86": {
    "Appointment": {
      "ShouldSerialize": false,
      "IdAppointment": "6553d6f128d946bb88a635940146141e"
    },
    "MainSymptom": "skolioza",
    "AnamnesisDate": "2022-06-04T20:20:31.2756209+02:00",
    "AnamnesisId": "ca7d26cce61b401abae0ce2808307c86",
    "OtherSymptoms": "/",
    "GeneralAmnesis": "bol u ledjima",
    "Cns": null,
    "Eye": null,
    "Neck": null,
    "Mss": null,
    "Skin": null,
    "Ear": null,
    "Cus": null,
    "Infectious": null,
    "Ugs": null,
    "Respiratory": null,
    "Mouth": null,
    "Gi": null
  },
  "339e6aecd6f744b1a9e8b645c7a26852": {
    "Appointment": {
      "ShouldSerialize": false,
      "IdAppointment": "5e843bc4ba594e999c0bcef655482560"
    },
    "MainSymptom": "katarakta",
    "AnamnesisDate": "2022-06-04T21:30:55.4454834+02:00",
    "AnamnesisId": "339e6aecd6f744b1a9e8b645c7a26852",
    "OtherSymptoms": "bol u oku",
    "GeneralAmnesis": "Diagnostikovana katarakta pacijent treba da nosi naocare",
    "Cns": null,
    "Eye": null,
    "Neck": null,
    "Mss": null,
    "Skin": null,
    "Ear": null,
    "Cus": null,
    "Infectious": null,
    "Ugs": null,
    "Respiratory": null,
    "Mouth": null,
    "Gi": null
  },
  "d8f6b4f5c8a94b82aeda8f35f8fc6d4d": {
    "Appointment": {
      "ShouldSerialize": false,
      "IdAppointment": "2c2d62cb4a5a477483e96c5bc6809ace"
    },
    "MainSymptom": "aaaa",
    "AnamnesisDate": "2022-06-05T23:51:22.3567294+02:00",
    "AnamnesisId": "d8f6b4f5c8a94b82aeda8f35f8fc6d4d",
    "OtherSymptoms": "aaa",
    "GeneralAmnesis": "aaaa",
    "Cns": null,
    "Eye": null,
    "Neck": null,
    "Mss": null,
    "Skin": null,
    "Ear": null,
    "Cus": null,
    "Infectious": null,
    "Ugs": null,
    "Respiratory": null,
    "Mouth": null,
    "Gi": null
  },
  "db0d8f497a9e436bb9c05c3a4195fc9e": {
    "Appointment": {
      "ShouldSerialize": false,
      "IdAppointment": "fb0d5e3e17bd45eeafe325e78bebfb12"
    },
    "MainSymptom": "aaaa",
    "AnamnesisDate": "2022-06-07T18:25:14.4198232+02:00",
    "AnamnesisId": "db0d8f497a9e436bb9c05c3a4195fc9e",
    "OtherSymptoms": "aaa",
    "GeneralAmnesis": "zzzz",
    "Cns": null,
    "Eye": null,
    "Neck": null,
    "Mss": null,
    "Skin": null,
    "Ear": null,
    "Cus": null,
    "Infectious": null,
    "Ugs": null,
    "Respiratory": null,
    "Mouth": null,
    "Gi": null
  },
  "b9771b9b063c45fc843ece7e5398a974": {
    "Appointment": {
      "ShouldSerialize": false,
      "IdAppointment": "aec85ecf55ae4691be34ba8698b62d81"
    },
    "MainSymptom": "aaaaaaaaaaaaaaaaaaaaaaaaaaaaaaaaaaaaaaaaaaaaaaaaaaa",
    "AnamnesisDate": "2022-06-06T15:58:55.7856712+02:00",
    "AnamnesisId": "b9771b9b063c45fc843ece7e5398a974",
    "OtherSymptoms": "aaaaaaa",
    "GeneralAmnesis": "vvvvv",
    "Cns": null,
    "Eye": null,
    "Neck": null,
    "Mss": null,
    "Skin": null,
    "Ear": null,
    "Cus": null,
    "Infectious": null,
    "Ugs": null,
    "Respiratory": null,
    "Mouth": null,
    "Gi": null
  },
  "7116e49c1d3a4b6489e2292e7884ac4b": {
    "Appointment": {
      "ShouldSerialize": false,
      "IdAppointment": "a76f87707b0b4888b8a741375009e870"
    },
    "MainSymptom": "bol u grlu",
    "AnamnesisDate": "2022-06-06T15:59:34.4885047+02:00",
    "AnamnesisId": "7116e49c1d3a4b6489e2292e7884ac4b",
    "OtherSymptoms": "povisena temeratura",
    "GeneralAmnesis": "propisan analgin zbog bola u glavi",
    "Cns": null,
    "Eye": null,
    "Neck": null,
    "Mss": null,
    "Skin": null,
    "Ear": null,
    "Cus": null,
    "Infectious": null,
    "Ugs": null,
    "Respiratory": null,
    "Mouth": null,
    "Gi": null
  },
  "6bec036d88634dbaabf17e44d7d0e733": {
    "Appointment": {
      "ShouldSerialize": false,
      "IdAppointment": "34fe15fd749e457d9f9dbd7c333f3008"
    },
    "MainSymptom": "dulo",
    "AnamnesisDate": "2022-06-06T18:46:24.0842135+02:00",
    "AnamnesisId": "6bec036d88634dbaabf17e44d7d0e733",
    "OtherSymptoms": "dulo",
    "GeneralAmnesis": "dulo",
    "Cns": null,
    "Eye": null,
    "Neck": null,
    "Mss": null,
    "Skin": null,
    "Ear": null,
    "Cus": null,
    "Infectious": null,
    "Ugs": null,
    "Respiratory": null,
    "Mouth": null,
    "Gi": null
  },
  "0717356a96ba4e208fcce32625fc7dfe": {
    "Appointment": {
      "ShouldSerialize": false,
      "IdAppointment": "51e714f75e0f495d98e9a0052cbd20fa"
    },
    "MainSymptom": "aaaaaaaaaaaaaaaaaaaaaaaaaaaaaaaaaaaaaaa",
    "AnamnesisDate": "2022-06-06T19:46:54.3915378+02:00",
    "AnamnesisId": "0717356a96ba4e208fcce32625fc7dfe",
    "OtherSymptoms": "aaaaaaaaaaaaaaaaaaaaaaaaa",
    "GeneralAmnesis": "aaaaaaaaaaaaaaaaaaaaaaaaa",
    "Cns": null,
    "Eye": null,
    "Neck": null,
    "Mss": null,
    "Skin": null,
    "Ear": null,
    "Cus": null,
    "Infectious": null,
    "Ugs": null,
    "Respiratory": null,
    "Mouth": null,
    "Gi": null
  }
}