{
  "2315": {
    "Specialization": {
      "IdSpecialization": 2,
      "NameSpecialization": "Dermatologist"
    },
    "Address": {
      "City": "Novi Sad",
      "StreetNumber": "21",
      "Country": "Srbija",
      "Street": "Puse Pusica",
      "Postcode": 21000
    },
    "Name": "Slavica",
    "Surname": "Cukteras",
    "Email": "doctor@doctor11",
    "Jmbg": "2315",
    "Phone": "061341",
    "Employed": true,
    "Username": "doctor",
    "Password": "doctor"
  },
  "1313": {
    "Specialization": {
      "IdSpecialization": 0,
      "NameSpecialization": "General"
    },
    "Address": {
      "City": "Novi Sad",
      "StreetNumber": "21",
      "Country": "Srbija",
      "Street": "Puse Pusica",
      "Postcode": 21000
    },
    "Name": "Djordje",
    "Surname": "Vuckovic",
    "Email": "doctor@doctor11",
    "Jmbg": "1313",
    "Phone": "0613412312332",
    "Employed": true,
    "Username": "Djordje",
    "Password": "1"
  },
  "131213121111": {
    "Specialization": {
      "IdSpecialization": 1,
      "NameSpecialization": "Anesthesiology"
    },
    "Address": {
      "City": "Novi Sad",
      "StreetNumber": "21",
      "Country": "Srbija",
      "Street": "Puse Pusica",
      "Postcode": 21000
    },
    "Name": "John",
    "Surname": "Black",
    "Email": "spec@spec.com",
    "Jmbg": "131213121111",
    "Phone": "06123111114",
    "Employed": true,
    "Username": "1",
    "Password": "1"
  },
  "1312131214201": {
    "Specialization": {
      "IdSpecialization": 4,
      "NameSpecialization": "Neurologist"
    },
    "Address": {
      "City": "Novi Sad",
      "StreetNumber": "21",
      "Country": "Srbija",
      "Street": "Puse Pusica",
      "Postcode": 21000
    },
    "Name": "Lara",
    "Surname": "Croft",
    "Email": "spec@spec1.com",
    "Jmbg": "1312131214201",
    "Phone": "06123111114",
    "Employed": true,
    "Username": "lara",
    "Password": "lara"
  },
  "141314131111": {
    "Specialization": {
      "IdSpecialization": 0,
      "NameSpecialization": "General"
    },
    "Address": {
      "City": "Novi Sad",
      "StreetNumber": "11",
      "Country": "Srbija",
      "Street": "Mike Mikica",
      "Postcode": 21000
    },
    "Name": "Bili",
    "Surname": "Bilanovic",
    "Email": "doctor@doctor11",
    "Jmbg": "141314131111",
    "Phone": "0613412312331",
    "Employed": true,
    "Username": "bili",
    "Password": "1"
  },
  "131213124444": {
    "Specialization": {
      "IdSpecialization": 1,
      "NameSpecialization": "Anesthesiology"
    },
    "Address": {
      "City": "Nis",
      "StreetNumber": "11",
      "Country": "Srbija",
      "Street": "Pule Pulica",
      "Postcode": 11000
    },
    "Name": "Mika",
    "Surname": "Antic",
    "Email": "spec@spec.com",
    "Jmbg": "131213124444",
    "Phone": "06123111324",
    "Employed": true,
    "Username": "2",
    "Password": "2"
  }
}