{
  "b0ce54f104114e9cbe6871baa63c9b52": {
    "VacationId": "b0ce54f104114e9cbe6871baa63c9b52",
    "StartDate": "2022-05-10T00:00:00",
    "FinishDate": "2022-05-11T00:00:00",
    "Doctor": {
      "Jmbg": "131213121111",
      "ShouldSerialize": false
    },
    "VacationReason": "aaaaaaa",
    "Emergent": false,
    "VacationStatus": 1
  },
  "33d263cd483e4354b888426843ff0b8e": {
    "VacationId": "33d263cd483e4354b888426843ff0b8e",
    "StartDate": "2022-05-10T00:00:00",
    "FinishDate": "2022-05-11T00:00:00",
    "Doctor": {
      "Jmbg": "131213121111",
      "ShouldSerialize": false
    },
    "VacationReason": "aaaa",
    "Emergent": false,
    "VacationStatus": 1
  },
  "cc57775628e04c86b25eead13bfc7418": {
    "VacationId": "cc57775628e04c86b25eead13bfc7418",
    "StartDate": "2022-05-27T00:00:00",
    "FinishDate": "2022-05-28T00:00:00",
    "Doctor": {
      "Jmbg": "131213121111",
      "ShouldSerialize": false
    },
    "VacationReason": "aaa",
    "Emergent": false,
    "VacationStatus": 0
  },
  "58b4722c3e5646158bc5b6c48345ed3d": {
    "VacationId": "58b4722c3e5646158bc5b6c48345ed3d",
    "StartDate": "2022-05-27T00:00:00",
    "FinishDate": "2022-05-28T00:00:00",
    "Doctor": {
      "Jmbg": "131213121111",
      "ShouldSerialize": false
    },
    "VacationReason": "aaa",
    "Emergent": false,
    "VacationStatus": 2
  },
  "47c65d7fe364478b9b054784701528a6": {
    "VacationId": "47c65d7fe364478b9b054784701528a6",
    "StartDate": "2022-05-10T00:00:00",
    "FinishDate": "2022-05-11T00:00:00",
    "Doctor": {
      "Jmbg": "131213121111",
      "ShouldSerialize": false
    },
    "VacationReason": "aaaa",
    "Emergent": true,
    "VacationStatus": 2
  },
  "e8d994f798ce4b8a8c4b9c1157276e4b": {
    "VacationId": "e8d994f798ce4b8a8c4b9c1157276e4b",
    "StartDate": "2022-05-11T00:00:00",
    "FinishDate": "2022-05-12T00:00:00",
    "Doctor": {
      "Jmbg": "131213121111",
      "ShouldSerialize": false
    },
    "VacationReason": "aaaaaa",
    "Emergent": false,
    "VacationStatus": 0
  },
  "5a2b35c6227f46608975a9afac888512": {
    "VacationId": "5a2b35c6227f46608975a9afac888512",
    "StartDate": "2022-05-11T00:00:00",
    "FinishDate": "2022-05-12T00:00:00",
    "Doctor": {
      "Jmbg": "131213121111",
      "ShouldSerialize": false
    },
    "VacationReason": "aaa",
    "Emergent": false,
    "VacationStatus": 0
  },
  "c516caf0da2d4ecdab5c6fe4b0aeddf6": {
    "VacationId": "c516caf0da2d4ecdab5c6fe4b0aeddf6",
    "StartDate": "2022-05-13T00:00:00",
    "FinishDate": "2022-05-14T00:00:00",
    "Doctor": {
      "Jmbg": "131213121111",
      "ShouldSerialize": false
    },
    "VacationReason": "aaa",
    "Emergent": true,
    "VacationStatus": 0
  },
  "e522fe313fef4bfc91ecd0795b20cb4e": {
    "VacationId": "e522fe313fef4bfc91ecd0795b20cb4e",
    "StartDate": "2022-06-17T00:00:00",
    "FinishDate": "2022-06-24T00:00:00",
    "Doctor": {
      "Jmbg": "131213121111",
      "ShouldSerialize": false
    },
    "VacationReason": "aaa",
    "Emergent": true,
    "VacationStatus": 0
  },
  "e6999b4d5e874f089862da30d09d8316": {
    "VacationId": "e6999b4d5e874f089862da30d09d8316",
    "StartDate": "2022-05-16T00:00:00",
    "FinishDate": "2022-05-18T00:00:00",
    "Doctor": {
      "Jmbg": "131213121111",
      "ShouldSerialize": false
    },
    "VacationReason": "aa",
    "Emergent": false,
    "VacationStatus": 0
  },
  "df26bb2eb36a43a2b2c664629d434d49": {
    "VacationId": "df26bb2eb36a43a2b2c664629d434d49",
    "StartDate": "2022-05-17T00:00:00",
    "FinishDate": "2022-05-26T00:00:00",
    "Doctor": {
      "Jmbg": "131213121111",
      "ShouldSerialize": false
    },
    "VacationReason": "aaa",
    "Emergent": false,
    "VacationStatus": 0
  },
  "a1dc8fadf63e4533bd66a891c9acd03a": {
    "VacationId": "a1dc8fadf63e4533bd66a891c9acd03a",
    "StartDate": "2022-05-21T00:00:00",
    "FinishDate": "2022-05-26T00:00:00",
    "Doctor": {
      "Jmbg": "131213121111",
      "ShouldSerialize": false
    },
    "VacationReason": "aaa",
    "Emergent": true,
    "VacationStatus": 0
  },
  "0c5e37e3a7d8465ca9afd602860f168b": {
    "VacationId": "0c5e37e3a7d8465ca9afd602860f168b",
    "StartDate": "2023-01-04T00:00:00",
    "FinishDate": "2023-06-24T00:00:00",
    "Doctor": {
      "Jmbg": "131213121111",
      "ShouldSerialize": false
    },
    "VacationReason": "aaaa",
    "Emergent": false,
    "VacationStatus": 0
  },
  "4c2cd379f8ab4270aead105e179a33ef": {
    "VacationId": "4c2cd379f8ab4270aead105e179a33ef",
    "StartDate": "2022-07-21T00:00:00",
    "FinishDate": "2022-08-01T00:00:00",
    "Doctor": {
      "Jmbg": "131213121111",
      "ShouldSerialize": false
    },
    "VacationReason": "aaaaa",
    "Emergent": false,
    "VacationStatus": 0
  },
  "9364030028c94df29e07cc62fff0bc37": {
    "VacationId": "9364030028c94df29e07cc62fff0bc37",
    "StartDate": "2022-05-26T00:00:00",
    "FinishDate": "2022-05-27T00:00:00",
    "Doctor": {
      "Jmbg": "131213121111",
      "ShouldSerialize": false
    },
    "VacationReason": "aaaaaaaaaa",
    "Emergent": false,
    "VacationStatus": 0
  }
}