{
  "c4dfd6d92af644c882d64fc6667c1a42": {
    "Name": "Gaza",
    "Id": "c4dfd6d92af644c882d64fc6667c1a42",
    "Type": 0,
    "Quantity": 90
  },
  "6d18384af0474b0da9affa2db33cec5d": {
    "Name": "Skalpel",
    "Id": "6d18384af0474b0da9affa2db33cec5d",
    "Type": 0,
    "Quantity": 37
  },
  "d8a964ed64cd440aa40a238fc1dc2daa": {
    "Name": "Krevet",
    "Id": "d8a964ed64cd440aa40a238fc1dc2daa",
    "Type": 0,
    "Quantity": 9
  },
  "a33413ceb22c4b0db537f2ec7749a30b": {
    "Name": "Bandazer",
    "Id": "a33413ceb22c4b0db537f2ec7749a30b",
    "Type": 0,
    "Quantity": 60
  },
  "940543c56616499eb2dabe89e5492f6f": {
    "Name": "oprema dinamicka",
    "Id": "940543c56616499eb2dabe89e5492f6f",
    "Type": 1,
    "Quantity": 20
  }
}