{
  "8f4aeb23199d4e21a3ef6467e71f6e3b": {
    "Id": "5ac0bdfbb6c44f2b9304e3dca8719c01",
    "OcenaLekara": 0,
    "OcenaOsoblje": 4,
    "OcenaCistoca": 4,
    "UkupnaOcena": 1,
    "EvidentAppointment": {
      "ShouldSerialize": false,
      "IdAppointment": "8f4aeb23199d4e21a3ef6467e71f6e3b"
    }
  },
  "86771793b2074ed0af6c137913d3e2ca": {
    "Id": "b63cec79a36e4300959074dc4e63ed9f",
    "OcenaLekara": 3,
    "OcenaOsoblje": 3,
    "OcenaCistoca": 4,
    "UkupnaOcena": 4,
    "EvidentAppointment": {
      "ShouldSerialize": false,
      "IdAppointment": "86771793b2074ed0af6c137913d3e2ca"
    }
  },
  "86771793b2074ed0af6c13793d3e2cad": {
    "Id": "b63cec79a36e4300959074dc4e63ed9f",
    "OcenaLekara": 3,
    "OcenaOsoblje": 5,
    "OcenaCistoca": 4,
    "UkupnaOcena": 2,
    "EvidentAppointment": {
      "ShouldSerialize": false,
      "IdAppointment": "86771793b2074ed0af6c13793d3e2cad"
    }
  },
  "86771793b2074ed0af6c137913d32cad": {
    "Id": "b63cec79a36e4300959074dc4e63ed9f",
    "OcenaLekara": 3,
    "OcenaOsoblje": 5,
    "OcenaCistoca": 5,
    "UkupnaOcena": 5,
    "EvidentAppointment": {
      "ShouldSerialize": false,
      "IdAppointment": "86771793b2074ed0af6c137913d32cad"
    }
  }
}