{
  "97a1cfc8fcab49cf9d0ad78cd3a45a46": {
    "MedicineId": "97a1cfc8fcab49cf9d0ad78cd3a45a46",
    "Composition": [
      {
        "SubstanceId": "113",
        "SubstanceName": "ibuprofen"
      },
      {
        "SubstanceId": "114",
        "SubstanceName": "laktoza"
      },
      {
        "SubstanceId": "115",
        "SubstanceName": "calcijum"
      }
    ],
    "Quantity": 50,
    "Units": "sirup",
    "SideEffects": "/",
    "MainSubstance": {
      "SubstanceId": "113",
      "SubstanceName": "ibuprofen"
    },
    "Price": 300.0,
    "MedicineName": "Brufen",
    "MedicineStatus": 1,
    "ShouldSerialize": true
  },
  "29a4bed4444841d58c51a39b49bf4d26": {
    "MedicineId": "29a4bed4444841d58c51a39b49bf4d26",
    "Composition": [
      {
        "SubstanceId": "116",
        "SubstanceName": "paracetamol"
      },
      {
        "SubstanceId": "115",
        "SubstanceName": "calcijum"
      }
    ],
    "Quantity": 100,
    "Units": "pill",
    "SideEffects": "/",
    "MainSubstance": {
      "SubstanceId": "3bb1bb5d21ab468487ee068e2a3bee37",
      "SubstanceName": "paracetamol"
    },
    "Price": 100.0,
    "MedicineName": "Paracetamol Uno",
    "MedicineStatus": 1,
    "ShouldSerialize": true
  },
  "97653f9d4f7b4e069cda4fbbf48a92c1": {
    "MedicineId": "97653f9d4f7b4e069cda4fbbf48a92c1",
    "Composition": [
      {
        "SubstanceId": "116",
        "SubstanceName": "paracetamol"
      },
      {
        "SubstanceId": "115",
        "SubstanceName": "magnezijum"
      }
    ],
    "Quantity": 100,
    "Units": "tablete",
    "SideEffects": "/",
    "MainSubstance": {
      "SubstanceId": "1f78b5f8abf94c35993bc9fec51d9d5f",
      "SubstanceName": "paracetamol"
    },
    "Price": 0.0,
    "MedicineName": "Paracetamol",
    "MedicineStatus": 2,
    "ShouldSerialize": true
  },
  "4c7a7d00d2304190963911d084317d3b": {
    "MedicineId": "4c7a7d00d2304190963911d084317d3b",
    "Composition": [
      {
        "SubstanceId": "1",
        "SubstanceName": "acetaminophen"
      },
      {
        "SubstanceId": "118",
        "SubstanceName": "combinate powder"
      }
    ],
    "Quantity": 20,
    "Units": "pills",
    "SideEffects": "//",
    "MainSubstance": {
      "SubstanceId": "590b70e6a0604d48903a13ca833454cd",
      "SubstanceName": "acetaminophen"
    },
    "Price": 0.0,
    "MedicineName": "acetaminophen",
    "MedicineStatus": 1,
    "ShouldSerialize": true
  }
}