{
  "DusanVukovic2456": {
    "ShouldSerialize": true,
    "RecordId": "DusanVukovic2456",
    "BloodType": 2,
    "Patient": {
      "Guest": false,
      "ChosenDoctor": null,
      "Lbo": 0,
      "IsBanned": false,
      "Address": {
        "City": "Novi Sad",
        "StreetNumber": "21",
        "Country": "Srbija",
        "Street": "Puse Pusica",
        "Postcode": 21000
      },
      "Name": "Dusan",
      "Surname": "Vukovic",
      "Email": "dusan@dusan",
      "Jmbg": "2456",
      "Phone": "0613411123",
      "Employed": false,
      "Birthday": "0001-01-01T00:00:00",
      "Username": "dusan",
      "Password": "dusan",
      "ShouldSerialize": true
    },
    "Weight": "80 kg",
    "Height": "170 cm",
    "ChronicDiseases": "astma",
    "ParentDiseases": "plucna maramica",
    "EmlpoymentData": {
      "Our": "1345",
      "Profession": "Moler",
      "Workplace": "Duga",
      "Job": "Kasir"
    },
    "MartialStatus": "Divorced",
    "Gender": 0
  },
  "MikiDjuricic13456": {
    "ShouldSerialize": true,
    "RecordId": "MikiDjuricic13456",
    "BloodType": 0,
    "Patient": {
      "Guest": false,
      "ChosenDoctor": null,
      "Lbo": 657771,
      "IsBanned": false,
      "Address": {
        "City": "Novi Sad",
        "StreetNumber": "21a",
        "Country": "Srbija",
        "Street": "Vojvode Bojovica",
        "Postcode": 21000
      },
      "Name": "Miki",
      "Surname": "Djuricic",
      "Email": "dsa@adsa",
      "Jmbg": "13456",
      "Phone": "06105111331",
      "Employed": false,
      "Birthday": "0001-01-01T00:00:00",
      "Username": "Djura",
      "Password": "1311",
      "ShouldSerialize": true
    },
    "Weight": "80 kg",
    "Height": "170 cm",
    "ChronicDiseases": "asma",
    "ParentDiseases": "plucna maramica",
    "EmlpoymentData": {
      "Our": "1675",
      "Profession": "Inzinjer elektrotehnike",
      "Workplace": "FTN",
      "Job": "asistent"
    },
    "MartialStatus": "Single",
    "Gender": 0
  }
}