{
  "2456": {
    "Guest": false,
    "ChosenDoctor": null,
    "Lbo": 73456,
    "IsBanned": false,
    "Address": {
      "City": "Novi Sad",
      "StreetNumber": "21",
      "Country": "Srbija",
      "Street": "Puse Pusica",
      "Postcode": 21000
    },
    "Name": "Dusan",
    "Surname": "Vukovic",
    "Email": "dusan@dusan",
    "Jmbg": "2456",
    "Phone": "0613411123",
    "Employed": false,
    "Birthday": "0001-01-01T00:00:00",
    "Username": "dusan",
    "Password": "dusan",
    "ShouldSerialize": true
  },
  "13456": {
    "Guest": false,
    "ChosenDoctor": null,
    "Lbo": 657771,
    "IsBanned": false,
    "Address": {
      "City": "Novi Sad",
      "StreetNumber": "21a",
      "Country": "Srbija",
      "Street": "Vojvode Bojovica",
      "Postcode": 21000
    },
    "Name": "Miki",
    "Surname": "Djuricic",
    "Email": "dsa@adsa",
    "Jmbg": "13456",
    "Phone": "06105111331",
    "Employed": false,
    "Birthday": "0001-01-01T00:00:00",
    "Username": "Djura",
    "Password": "1311",
    "ShouldSerialize": true
  },
  "guest1": {
    "Guest": true,
    "ChosenDoctor": null,
    "Lbo": 0,
    "IsBanned": false,
    "Address": null,
    "Name": "aa",
    "Surname": "",
    "Email": "",
    "Jmbg": "guest1",
    "Phone": "",
    "Employed": false,
    "Birthday": "0001-01-01T00:00:00",
    "Username": "aa",
    "Password": "aa",
    "ShouldSerialize": true
  }
}