{
  "de6428f59b4744289f14f5943553dede": {
    "PrescriptionId": "de6428f59b4744289f14f5943553dede",
    "Medicine": {
      "MedicineId": "97a1cfc8fcab49cf9d0ad78cd3a45a46",
      "ShouldSerialize": false
    },
    "Frequency": "zzz",
    "Usage": "zz",
    "StartDate": "2022-06-14T00:00:00",
    "FinishDate": "2022-06-22T00:00:00",
    "ShouldSerialize": true,
    "Appointment": {
      "ShouldSerialize": false,
      "IdAppointment": "97c07e7ab12e49a8b6707dbc98ccc14d"
    }
  },
  "53411aa0f58e4f898c40a77e6b3792a6": {
    "PrescriptionId": "53411aa0f58e4f898c40a77e6b3792a6",
    "Medicine": {
      "MedicineId": "97a1cfc8fcab49cf9d0ad78cd3a45a46",
      "ShouldSerialize": false
    },
    "Frequency": "aaa",
    "Usage": "aaa",
    "StartDate": "2022-06-08T00:00:00",
    "FinishDate": "2022-06-30T00:00:00",
    "ShouldSerialize": true,
    "Appointment": {
      "ShouldSerialize": false,
      "IdAppointment": "97c07e7ab12e49a8b6707dbc98ccc14d"
    }
  },
  "0902f2688dff466784f47377fb42d2d8": {
    "PrescriptionId": "0902f2688dff466784f47377fb42d2d8",
    "Medicine": {
      "MedicineId": "97a1cfc8fcab49cf9d0ad78cd3a45a46",
      "ShouldSerialize": false
    },
    "Frequency": "aa",
    "Usage": "a",
    "StartDate": "2022-06-09T00:00:00",
    "FinishDate": "2022-06-18T00:00:00",
    "ShouldSerialize": true,
    "Appointment": {
      "ShouldSerialize": false,
      "IdAppointment": "51e714f75e0f495d98e9a0052cbd20fa"
    }
  },
  "f6c9006119904d4f8334717508ad3421": {
    "PrescriptionId": "f6c9006119904d4f8334717508ad3421",
    "Medicine": {
      "MedicineId": "97a1cfc8fcab49cf9d0ad78cd3a45a46",
      "ShouldSerialize": false
    },
    "Frequency": "aaa",
    "Usage": "aaa",
    "StartDate": "2022-06-16T00:00:00",
    "FinishDate": "2022-06-17T00:00:00",
    "ShouldSerialize": true,
    "Appointment": {
      "ShouldSerialize": false,
      "IdAppointment": "aec85ecf55ae4691be34ba8698b62d81"
    }
  },
  "d35f2da325ea4810a5898cd2376ffc03": {
    "PrescriptionId": "d35f2da325ea4810a5898cd2376ffc03",
    "Medicine": {
      "MedicineId": "4c7a7d00d2304190963911d084317d3b",
      "ShouldSerialize": false
    },
    "Frequency": "aa",
    "Usage": "aaa",
    "StartDate": "2022-06-09T00:00:00",
    "FinishDate": "2022-06-16T00:00:00",
    "ShouldSerialize": true,
    "Appointment": {
      "ShouldSerialize": false,
      "IdAppointment": "a76f87707b0b4888b8a741375009e870"
    }
  }
}