{
  "28e983660ad5448cbe1a666868e16f23": {
    "RejectedMedicineId": "28e983660ad5448cbe1a666868e16f23",
    "Medicine": {
      "MedicineId": "29a4bed4444841d58c51a39b49bf4d26",
      "ShouldSerialize": false
    },
    "Reason": "aaaaaaaaaaaaaaaaa",
    "Doctor": {
      "Jmbg": "131213121111",
      "ShouldSerialize": false
    }
  },
  "26012d7c31ad42939372b6216af1dff8": {
    "RejectedMedicineId": "26012d7c31ad42939372b6216af1dff8",
    "Medicine": {
      "MedicineId": "29a4bed4444841d58c51a39b49bf4d26",
      "ShouldSerialize": false
    },
    "Reason": "aaaaaaa",
    "Doctor": {
      "Jmbg": "131213121111",
      "ShouldSerialize": false
    }
  },
  "68b2b8b1811a4db48e52b7288570c89c": {
    "RejectedMedicineId": "68b2b8b1811a4db48e52b7288570c89c",
    "Medicine": {
      "MedicineId": "97a1cfc8fcab49cf9d0ad78cd3a45a46",
      "ShouldSerialize": false
    },
    "Reason": "asaaaaaaaaaaaa",
    "Doctor": {
      "Jmbg": "131213121111",
      "ShouldSerialize": false
    }
  },
  "12128c99160240159459a6a85630b6c7": {
    "RejectedMedicineId": "12128c99160240159459a6a85630b6c7",
    "Medicine": {
      "MedicineId": "29a4bed4444841d58c51a39b49bf4d26",
      "ShouldSerialize": false
    },
    "Reason": "aaaaaaaaaaa",
    "Doctor": {
      "Jmbg": "131213121111",
      "ShouldSerialize": false
    }
  },
  "de338ba0613545f691e8eafcb3d74b8d": {
    "RejectedMedicineId": "de338ba0613545f691e8eafcb3d74b8d",
    "Medicine": {
      "MedicineId": "29a4bed4444841d58c51a39b49bf4d26",
      "ShouldSerialize": false
    },
    "Reason": "aaaaaaaaaa",
    "Doctor": {
      "Jmbg": "131213121111",
      "ShouldSerialize": false
    }
  },
  "273a307953d9479c9fab47104ab20cbd": {
    "RejectedMedicineId": "273a307953d9479c9fab47104ab20cbd",
    "Medicine": {
      "MedicineId": "97653f9d4f7b4e069cda4fbbf48a92c1",
      "ShouldSerialize": false
    },
    "Reason": "aaaaaa",
    "Doctor": {
      "Jmbg": "131213121111",
      "ShouldSerialize": false
    }
  },
  "539dda56b1ac4d218ed2b6ad119af044": {
    "RejectedMedicineId": "539dda56b1ac4d218ed2b6ad119af044",
    "Medicine": {
      "MedicineId": "29a4bed4444841d58c51a39b49bf4d26",
      "ShouldSerialize": false
    },
    "Reason": "aaaaaaaaaaaaaaaa",
    "Doctor": {
      "Jmbg": "131213121111",
      "ShouldSerialize": false
    }
  },
  "252539c5cbc748d5919f53821a45fca0": {
    "RejectedMedicineId": "252539c5cbc748d5919f53821a45fca0",
    "Medicine": {
      "MedicineId": "97653f9d4f7b4e069cda4fbbf48a92c1",
      "ShouldSerialize": false
    },
    "Reason": "aaaa",
    "Doctor": {
      "Jmbg": "131213121111",
      "ShouldSerialize": false
    }
  }
}