{
  "Warehouse": {
    "RoomTypes": 4,
    "RoomId": "Warehouse",
    "Floor": 1,
    "Availability": true,
    "ShouldSerialize": true
  },
  "S2": {
    "RoomTypes": 1,
    "RoomId": "S2",
    "Floor": 2,
    "Availability": false,
    "ShouldSerialize": true
  },
  "S4": {
    "RoomTypes": 0,
    "RoomId": "S4",
    "Floor": 3,
    "Availability": true,
    "ShouldSerialize": true
  },
  "S5": {
    "RoomTypes": 1,
    "RoomId": "S5",
    "Floor": 3,
    "Availability": true,
    "ShouldSerialize": true
  },
  "S6": {
    "RoomTypes": 3,
    "RoomId": "S6",
    "Floor": 3,
    "Availability": true,
    "ShouldSerialize": true
  },
  "S7": {
    "RoomTypes": 1,
    "RoomId": "S7",
    "Floor": 3,
    "Availability": true,
    "ShouldSerialize": true
  },
  "S8": {
    "RoomTypes": 0,
    "RoomId": "S8",
    "Floor": 3,
    "Availability": true,
    "ShouldSerialize": true
  }
}