{
  "Warehouse-Gaza": {
    "RoomID": "Warehouse",
    "EquipmentName": "Gaza",
    "Quantity": 80
  },
  "Warehouse-Skalpel": {
    "RoomID": "Warehouse",
    "EquipmentName": "Skalpel",
    "Quantity": 37
  },
  "Warehouse-Krevet": {
    "RoomID": "Warehouse",
    "EquipmentName": "Krevet",
    "Quantity": 9
  },
  "Warehouse-Bandazer": {
    "RoomID": "Warehouse",
    "EquipmentName": "Bandazer",
    "Quantity": 60
  },
  "Warehouse-oprema dinamicka": {
    "RoomID": "Warehouse",
    "EquipmentName": "oprema dinamicka",
    "Quantity": 20
  },
  "S2-Gaza": {
    "RoomID": "S2",
    "EquipmentName": "Gaza",
    "Quantity": 10
  }
}