{
  "ab43aba40f914ef58931274727d3a807": {
    "Id": "ab43aba40f914ef58931274727d3a807",
    "Person": {
      "Jmbg": "131213121111",
      "ShouldSerialize": false
    },
    "NotificationText": "Vacation request from 10.05.2022 to 11.05.2022 is approved.\r\nReason: aaaaa"
  },
  "acc7c8afa43c4aa4abcf2836deee0dfa": {
    "Id": "acc7c8afa43c4aa4abcf2836deee0dfa",
    "Person": {
      "Jmbg": "131213121111",
      "ShouldSerialize": false
    },
    "NotificationText": "Vacation request from 27.05.2022 to 28.05.2022 is rejected.\r\nReason: John Black is best doctor in the world."
  },
  "4f154e08a90f4bd68905abeeeaee14d6": {
    "Id": "4f154e08a90f4bd68905abeeeaee14d6",
    "Person": {
      "Jmbg": "131213121111",
      "ShouldSerialize": false
    },
    "NotificationText": "Vacation request from 10.05.2022 to 11.05.2022 is rejected.\r\nReason: Spaming vaction request"
  }
}