{
  "b8262160fc60440f8c61dbe886120336": {
    "TherapyId": "b8262160fc60440f8c61dbe886120336",
    "StartDate": "2022-05-02T00:00:00",
    "FinishDate": "2022-05-03T00:00:00",
    "Frequency": "11",
    "Description": "aaaa",
    "Appointment": {
      "ShouldSerialize": false,
      "IdAppointment": "31890aaae47c4166a31ccbdeb306bb82"
    },
    "ShouldSerialize": true
  },
  "1f8f18f56cb54ee58d99f36d0a69f97b": {
    "TherapyId": "1f8f18f56cb54ee58d99f36d0a69f97b",
    "StartDate": "2022-05-03T00:00:00",
    "FinishDate": "2022-05-06T00:00:00",
    "Frequency": "aaa",
    "Description": "aaa",
    "Appointment": {
      "ShouldSerialize": false,
      "IdAppointment": "ab4d42dfc8e847a4b0ab5acddd24183f"
    },
    "ShouldSerialize": true
  },
  "d79f2a055d854774b60ae646ad7400f2": {
    "TherapyId": "d79f2a055d854774b60ae646ad7400f2",
    "StartDate": "2022-05-04T00:00:00",
    "FinishDate": "2022-05-05T00:00:00",
    "Frequency": "aa",
    "Description": "aaa",
    "Appointment": {
      "ShouldSerialize": false,
      "IdAppointment": "1ef1b43af5b548c7b4a982aef3ce5cc9"
    },
    "ShouldSerialize": true
  },
  "3b946bafa4954605ab28815e87a7f3a8": {
    "TherapyId": "3b946bafa4954605ab28815e87a7f3a8",
    "StartDate": "2022-05-04T00:00:00",
    "FinishDate": "2022-05-05T00:00:00",
    "Frequency": "aa",
    "Description": "aa",
    "Appointment": {
      "ShouldSerialize": false,
      "IdAppointment": "2b5137f394a84737bce6ce8629dd3991"
    },
    "ShouldSerialize": true
  },
  "b4f53b2cebb74ddfb4d9a7e49fc8a1bb": {
    "TherapyId": "b4f53b2cebb74ddfb4d9a7e49fc8a1bb",
    "StartDate": "2022-05-06T00:00:00",
    "FinishDate": "2022-05-07T00:00:00",
    "Frequency": "jednom nedeljno",
    "Description": "fizikalna terapija",
    "Appointment": {
      "ShouldSerialize": false,
      "IdAppointment": "86771793b2074ed0af6c137913d3e2ca"
    },
    "ShouldSerialize": true
  },
  "562518d429754e81a487dfb12ca1be4e": {
    "TherapyId": "562518d429754e81a487dfb12ca1be4e",
    "StartDate": "2022-05-06T00:00:00",
    "FinishDate": "2022-05-10T00:00:00",
    "Frequency": "2*dnevno",
    "Description": "asasddd",
    "Appointment": {
      "ShouldSerialize": false,
      "IdAppointment": "a736a9653bad485181463fa1e9944eb6"
    },
    "ShouldSerialize": true
  },
  "24e89b8b62a4437f91692862f934d86c": {
    "TherapyId": "24e89b8b62a4437f91692862f934d86c",
    "StartDate": "2022-06-08T00:00:00",
    "FinishDate": "2022-06-09T00:00:00",
    "Frequency": "zz",
    "Description": "zz",
    "Appointment": {
      "ShouldSerialize": false,
      "IdAppointment": "97c07e7ab12e49a8b6707dbc98ccc14d"
    },
    "ShouldSerialize": true
  },
  "25456e4c59764d029229acf0447aeec3": {
    "TherapyId": "25456e4c59764d029229acf0447aeec3",
    "StartDate": "2022-06-07T00:00:00",
    "FinishDate": "2022-06-15T00:00:00",
    "Frequency": "aaaa",
    "Description": "aaa",
    "Appointment": {
      "ShouldSerialize": false,
      "IdAppointment": "97c07e7ab12e49a8b6707dbc98ccc14d"
    },
    "ShouldSerialize": true
  },
  "ad2df8b8b7324c8ebb8a700516b82f2b": {
    "TherapyId": "ad2df8b8b7324c8ebb8a700516b82f2b",
    "StartDate": "2022-06-15T00:00:00",
    "FinishDate": "2022-06-17T00:00:00",
    "Frequency": "aaaaaaaaaaaaaaaaaaaaaaaaaaaaaaaa",
    "Description": "aaaaaaaaaaaaaaaaaaaaaaaaaaa",
    "Appointment": {
      "ShouldSerialize": false,
      "IdAppointment": "fb0d5e3e17bd45eeafe325e78bebfb12"
    },
    "ShouldSerialize": true
  }
}